,date,close,rateOfChange(5),id
0,2015.09.01,1.10786,,0
1,2015.09.02,1.10762,,0
2,2015.09.03,1.0960299999999998,,0
3,2015.09.04,1.09647,,0
4,2015.09.07,1.10533,,0
5,2015.09.08,1.10563,0.0,0
6,2015.09.09,1.09542,0.021668081110851913,0
7,2015.09.10,1.12293,1.0793500177915047,0
8,2015.09.11,1.12045,1.0387881109378287,0
9,2015.09.14,1.1266399999999999,0.2288909194539317,0
10,2015.09.15,1.12297,0.2016949612438317,0
11,2015.09.16,1.1296,1.1356374723850218,0
12,2015.09.17,1.12899,-1.3420248813372087,7
13,2015.09.18,1.12055,-1.123655674059519,7
14,2015.09.21,1.1280700000000001,-1.6669033586593587,7
15,2015.09.22,1.1258700000000001,-1.3455390615955864,7
16,2015.09.23,1.1156,-1.9245750708215184,7
17,2015.09.24,1.10425,-1.8715843364422957,7
18,2015.09.25,1.09895,-1.132479585917618,7
19,2015.09.28,1.10389,-1.7915554885778415,7
20,2015.09.29,1.09966,-1.5996518248110418,7
21,2015.09.30,1.09596,-0.6937970598780798,7
22,2015.10.01,1.09802,0.32691872311524683,0
23,2015.10.02,1.09083,0.8107739205605325,0
24,2015.10.05,1.0904399999999999,0.3596372827002717,0
25,2015.10.06,1.0945,0.745685029918337,0
26,2015.10.07,1.08958,1.0858060513157435,0
27,2015.10.08,1.08798,0.8961585399173121,0
28,2015.10.09,1.09301,1.5611965200810485,0
29,2015.10.12,1.09528,1.5975202670481838,0
30,2015.10.13,1.0904,1.2206486980356361,0
31,2015.10.14,1.07437,1.6777106775087716,0
32,2015.10.15,1.06916,1.827239471313822,0
33,2015.10.16,1.06362,1.3586334983211525,0
34,2015.10.19,1.0666,1.1485647505660685,0
35,2015.10.20,1.07453,1.6012472487160705,0
36,2015.10.21,1.07421,3.117175647123432,0
37,2015.10.22,1.0604799999999999,3.6196640353174407,0
38,2015.10.23,1.06625,4.159380229781318,0
39,2015.10.26,1.06735,3.868366772923314,0
40,2015.10.27,1.06254,3.101821261388708,0
41,2015.10.28,1.0611700000000002,3.1325346068273383,0
42,2015.10.29,1.05623,4.467788171394105,0
43,2015.10.30,1.05182,3.902461899179381,0
44,2015.11.02,1.05897,3.795381083993071,0
45,2015.11.03,1.07784,4.265251190543417,0
46,2015.11.04,1.08328,4.399860531300346,0
47,2015.11.05,1.07956,4.888139893773142,0
48,2015.11.06,1.07764,5.327907816926859,0
49,2015.11.09,1.07813,4.616750238439248,0
50,2015.11.10,1.07615,2.7852000296890225,0
51,2015.11.11,1.07562,2.269034783250872,0
52,2015.11.12,1.08867,2.6214383637778345,0
53,2015.11.13,1.08754,2.8042760105415665,0
54,2015.11.16,1.0923,2.7575524287423625,0
55,2015.11.17,1.0986,2.9466152488036172,0
56,2015.11.18,1.09812,2.9973410684070627,0
57,2015.11.19,1.0951899999999999,1.7627012777058284,0
58,2015.11.20,1.1002299999999998,1.8684370230060612,0
59,2015.11.23,1.10257,1.4245170740639035,0
60,2015.11.24,1.10649,0.8428909521208852,0
61,2015.11.25,1.10174,0.8869704586019816,0
62,2015.11.26,1.09903,1.1568768889416614,0
63,2015.11.27,1.0997299999999999,0.6934913608972896,0
64,2015.11.30,1.09725,0.4797881313658105,0
65,2015.12.01,1.0962399999999999,0.12381494636192766,0
66,2015.12.02,1.0998299999999999,0.5554849601539498,0
67,2015.12.03,1.09675,0.8034357569857162,0
68,2015.12.04,1.0860100000000001,0.7392723668536999,0
69,2015.12.07,1.0932899999999999,0.9669628616997045,0
70,2015.12.08,1.08495,1.0599868641903405,0
71,2015.12.09,1.07539,0.730112835620069,0
72,2015.12.10,1.07765,1.0129929336676704,0
73,2015.12.11,1.06808,2.011952007808392,0
74,2015.12.14,1.0707799999999998,1.3326747706464155,0
75,2015.12.15,1.06247,2.111618046914603,0
76,2015.12.16,1.06275,3.01936971703289,0
77,2015.12.17,1.06271,2.8033220433350414,0
78,2015.12.18,1.06445,3.7244401168451944,0
79,2015.12.21,1.0626200000000001,3.462896206503692,0
80,2015.12.22,1.06241,4.272120624582345,0
81,2015.12.23,1.06396,4.244648318042811,0
82,2015.12.24,1.06368,4.248572046936608,0
83,2015.12.28,1.05823,4.078162431302567,0
84,2015.12.29,1.06136,4.257401517005133,0
85,2015.12.30,1.06408,4.278009431387128,0
86,2015.12.31,1.0665799999999999,4.126094965976169,0
87,2016.01.04,1.06461,4.153504813477748,0
88,2016.01.05,1.0673700000000002,4.689906731050911,0
89,2016.01.06,1.06405,4.381171327353582,0
90,2016.01.07,1.0570899999999999,4.114352304338034,0
91,2016.01.08,1.06155,3.8703144630501423,0
92,2016.01.11,1.06542,4.062520547430515,0
93,2016.01.12,1.0676700000000001,3.793436203003636,0
94,2016.01.13,1.06682,4.117287721441674,0
95,2016.01.14,1.07813,4.802807707952985,0
96,2016.01.15,1.06021,4.362488813527396,0
97,2016.01.18,1.06329,3.983405605301199,0
98,2016.01.19,1.07656,3.7642717319021743,0
99,2016.01.20,1.07374,3.8469470013685494,0
100,2016.01.21,1.0708600000000001,2.7575524287423625,0
101,2016.01.22,1.0771,4.494392620329932,0
102,2016.01.25,1.07682,4.191706872066887,0
103,2016.01.26,1.07734,2.907408783532744,0
104,2016.01.27,1.09168,3.177678022612565,0
105,2016.01.28,1.09261,3.455166875221777,0
106,2016.01.29,1.09083,2.8558165444248558,0
107,2016.02.01,1.0859,2.8825616166118713,0
108,2016.02.02,1.0797299999999999,2.8329032617372514,0
109,2016.02.03,1.0743,1.4821193023596735,0
110,2016.02.04,1.0704,1.3957404746432838,0
111,2016.02.05,1.0650600000000001,1.5611965200810485,0
112,2016.02.08,1.06874,2.0222856616631346,0
113,2016.02.09,1.06494,2.605280949867116,0
114,2016.02.10,1.06075,3.123894629060787,0
115,2016.02.11,1.05782,3.4996263079222767,0
116,2016.02.12,1.07005,4.018552945373964,0
117,2016.02.15,1.0729600000000001,3.660385126410543,0
118,2016.02.16,1.07998,4.0302740060472955,0
119,2016.02.17,1.08233,4.441197266085315,0
120,2016.02.18,1.07651,4.730483447089305,0
121,2016.02.19,1.07708,3.5334797439372108,0
122,2016.02.22,1.07815,3.252684163435722,0
123,2016.02.23,1.08355,2.5815292875794116,0
124,2016.02.24,1.07969,2.3587999963042745,0
125,2016.02.25,1.07575,2.9121884608596287,0
126,2016.02.26,1.07445,2.857726445575076,0
127,2016.02.29,1.08304,2.755646245884165,0
128,2016.03.01,1.08149,2.2435512897420566,0
129,2016.03.02,1.0922399999999999,2.6090822365679065,0
130,2016.03.03,1.09277,2.9848942598187387,0
131,2016.03.04,1.09029,3.109497882637644,0
132,2016.03.07,1.0972600000000001,2.2916974442310596,0
133,2016.03.08,1.1023399999999999,2.4383027119991865,0
134,2016.03.09,1.12449,1.430088625210594,0
135,2016.03.10,1.1171799999999998,1.3808944242612853,0
136,2016.03.11,1.1195899999999999,1.611497858367965,0
137,2016.03.14,1.1250799999999999,0.9660426881504786,0
138,2016.03.15,1.12915,0.5007529437378841,0
139,2016.03.16,1.12224,-1.4788926535584952,124
140,2016.03.17,1.11575,-0.8342433627526248,124
141,2016.03.18,1.11653,-1.0477049634240925,124
142,2016.03.21,1.1198700000000001,-1.5305578269989506,124
143,2016.03.22,1.12764,-1.88548908470974,124
144,2016.03.23,1.1223299999999998,-1.281365839749059,124
145,2016.03.24,1.12238,-0.7071476585256511,124
146,2016.03.25,1.12105,-0.7765129463605954,124
147,2016.03.28,1.12154,-1.0724459089001468,124
148,2016.03.29,1.11263,-1.754105920329175,124
149,2016.03.30,1.1074,-1.2892821184499892,124
150,2016.03.31,1.10761,-1.2936795024857772,124
151,2016.04.01,1.10992,-1.1765755318674487,124
152,2016.04.04,1.11206,-1.2197514132353653,124
153,2016.04.05,1.1083100000000001,-0.42871394803303353,124
154,2016.04.06,1.11273,0.0415387393895726,0
155,2016.04.07,1.10705,0.022571121604182294,0
156,2016.04.08,1.10746,-0.18559896208735321,126
157,2016.04.11,1.10704,-0.3776774634462153,126
158,2016.04.12,1.10924,-0.04060235854589974,126
159,2016.04.13,1.10512,-0.4376623259910247,126
160,2016.04.14,1.12301,0.0731674269454837,0
161,2016.04.15,1.114,0.03611868600219926,0
162,2016.04.18,1.11447,0.07407139760081324,0
163,2016.04.19,1.1085,-0.12440950560743723,129
164,2016.04.20,1.11637,0.24793687563341216,0
165,2016.04.21,1.11883,-1.3490529915138776,130
166,2016.04.22,1.12373,-0.5511669658886924,130
167,2016.04.25,1.12479,-0.593107037425862,130
168,2016.04.26,1.1225100000000001,-0.05773567884528407,130
169,2016.04.27,1.10801,-0.7622920716250003,130
170,2016.04.28,1.09477,-0.9804885460704418,130
171,2016.04.29,1.08925,-1.4122609523639869,130
172,2016.05.02,1.0912600000000001,-1.5051698539282792,130
173,2016.05.03,1.08213,-1.3051108676092018,130
174,2016.05.04,1.08266,-0.013537783955006946,130
175,2016.05.05,1.08396,1.1956849383888895,0
176,2016.05.06,1.07638,1.708515033279781,0
177,2016.05.09,1.08041,1.521177354617593,0
178,2016.05.10,1.08756,2.377718019091979,0
179,2016.05.11,1.08071,2.327600539412199,0
180,2016.05.12,1.0734700000000001,2.2048784087973754,0
181,2016.05.13,1.07196,2.924617700068765,0
182,2016.05.16,1.0729899999999999,2.5407021408539325,0
183,2016.05.17,1.07484,1.8665636838427289,0
184,2016.05.18,1.07199,2.5122373254619657,0
185,2016.05.19,1.0713,3.203629351542187,0
186,2016.05.20,1.06664,3.349005559908956,0
187,2016.05.23,1.06764,3.2497972954081757,0
188,2016.05.24,1.06577,3.0720851475568502,0
189,2016.05.25,1.06752,3.346113303295746,0
190,2016.05.26,1.07148,3.412676187809218,0
191,2016.05.27,1.07254,3.864471611790298,0
192,2016.05.30,1.07243,3.7671874414596815,0
193,2016.05.31,1.0685200000000001,3.949257344455179,0
194,2016.06.01,1.0639399999999999,3.7788519184652314,0
195,2016.06.02,1.06095,3.395303692089454,0
196,2016.06.03,1.0581200000000002,3.2931172730154605,0
197,2016.06.06,1.06362,3.3037121303954633,0
198,2016.06.07,1.0684,3.681727997604156,0
199,2016.06.08,1.06287,4.128052333778238,0
200,2016.06.09,1.0453299999999999,4.421509024930487,0
201,2016.06.10,1.04477,4.700790080520157,0
202,2016.06.13,1.04572,4.159380229781318,0
203,2016.06.14,1.05148,3.693373268438792,0
204,2016.06.15,1.0525,4.232878903346608,0
205,2016.06.16,1.04487,5.981843054346494,0
206,2016.06.17,1.0459399999999999,6.038649654947988,0
207,2016.06.20,1.04572,5.942317255096975,0
208,2016.06.21,1.0457100000000001,5.361965990793937,0
209,2016.06.22,1.04532,5.25985748218528,0
210,2016.06.23,1.04808,6.028501153253525,0
211,2016.06.24,1.04601,5.920033653938104,0
212,2016.06.27,1.0468899999999999,5.942317255096975,0
213,2016.06.28,1.04667,5.943330368840302,0
214,2016.06.29,1.0465799999999998,5.982856924195466,0
215,2016.06.30,1.04331,5.703763071521275,0
216,2016.07.01,1.04348,5.9129453829313245,0
217,2016.07.04,1.0419,5.823916552837471,0
218,2016.07.05,1.0423799999999999,5.846159725605977,0
219,2016.07.06,1.05338,5.855261900666956,0
220,2016.07.07,1.03397,6.187039326758117,0
221,2016.07.08,1.03405,6.169739717100482,0
222,2016.07.11,1.0427799999999998,6.330741913811308,0
223,2016.07.12,1.04349,6.281778238262459,0
224,2016.07.13,1.0449899999999999,5.171922762915575,0
225,2016.07.14,1.05945,7.14624215402768,0
226,2016.07.15,1.06273,7.137952710217123,0
227,2016.07.18,1.06585,6.241009608930001,0
228,2016.07.19,1.06352,6.168722268541149,0
229,2016.07.20,1.0633299999999999,6.016325515076719,0
230,2016.07.21,1.07055,4.569352022275716,0
231,2016.07.22,1.06445,4.2466101455685,0
232,2016.07.25,1.06726,3.941455176619609,0
233,2016.07.26,1.06302,4.169174063487292,0
234,2016.07.27,1.0581200000000002,4.187787422531122,0
235,2016.07.28,1.06031,3.4851244687310428,0
236,2016.07.29,1.05235,4.078162431302567,0
237,2016.08.01,1.05013,3.8041339504900367,0
238,2016.08.02,1.04988,4.218170871667512,0
239,2016.08.03,1.05954,4.700790080520157,0
240,2016.08.04,1.0627799999999998,4.484537540907846,0
241,2016.08.05,1.06588,5.274861025324291,0
242,2016.08.08,1.07135,5.4974146058107145,0
243,2016.08.09,1.07019,5.522535908865789,0
244,2016.08.10,1.06799,4.560469637767347,0
245,2016.08.11,1.06752,4.241705715199782,0
246,2016.08.12,1.06111,3.9385296656284132,0
247,2016.08.15,1.06399,3.40784990899333,0
248,2016.08.16,1.05654,3.519935712350152,0
249,2016.08.17,1.05475,3.7331810222942226,0
250,2016.08.18,1.05421,3.7788519184652314,0
251,2016.08.19,1.04672,4.405763775668881,0
252,2016.08.22,1.04849,4.123159052246739,0
253,2016.08.23,1.04415,4.857364605220818,0
254,2016.08.24,1.04085,5.035316425693291,0
255,2016.08.25,1.04298,5.089118866260041,0
256,2016.08.26,1.04301,5.84110363803118,0
257,2016.08.29,1.04325,5.662428826216765,0
258,2016.08.30,1.0397,6.101613752813308,0
259,2016.08.31,1.03646,6.438007397799876,0
260,2016.09.01,1.03662,6.220637020844124,0
261,2016.09.02,1.03691,6.217581806502341,0
262,2016.09.05,1.03728,6.1931464174454876,0
263,2016.09.06,1.0358,6.555737231893814,0
264,2016.09.07,1.0293700000000001,6.8888331435849075,0
265,2016.09.08,1.03263,6.872335089039375,0
266,2016.09.09,1.0288,6.842445342411595,0
267,2016.09.12,1.02846,6.8043344130803725,0
268,2016.09.13,1.02835,6.956941494497008,0
269,2016.09.14,1.02488,7.625052216404203,0
270,2016.09.15,1.02685,7.285281272091662,0
271,2016.09.16,1.02901,7.684681181959578,0
272,2016.09.19,1.03251,7.72028080819868,0
273,2016.09.20,1.03203,7.731803374337527,0
274,2016.09.21,1.03518,8.096557645773169,0
275,2016.09.22,1.04502,7.889175634221164,0
276,2016.09.23,1.05041,7.662704929981253,0
277,2016.09.26,1.04881,7.297750142855762,0
278,2016.09.27,1.0497,7.347654622443152,0
279,2016.09.28,1.05548,7.021001178539006,0
280,2016.09.29,1.05219,6.013282042448949,0
281,2016.09.30,1.0495,5.469292942755686,0
282,2016.10.03,1.0543799999999999,5.630190406269967,0
283,2016.10.04,1.05651,5.540630656378012,0
284,2016.10.05,1.06184,4.962671012240885,0
285,2016.10.06,1.0583,5.290869519763551,0
286,2016.10.07,1.05742,5.560743211052879,0
287,2016.10.10,1.06538,5.072175117130465,0
288,2016.10.11,1.06777,4.860342069644395,0
289,2016.10.12,1.07013,4.333986287953004,0
290,2016.10.13,1.06618,4.682982141169805,0
291,2016.10.14,1.07261,4.770100811408905,0
292,2016.10.17,1.06861,3.987309692316363,0
293,2016.10.18,1.06559,3.75455388332693,0
294,2016.10.19,1.0670899999999999,3.525739863381088,0
295,2016.10.20,1.0596700000000001,3.909283610647373,0
296,2016.10.21,1.06024,3.2863762224853397,0
297,2016.10.24,1.0656700000000001,3.672995760848205,0
298,2016.10.25,1.0665799999999999,3.966816505410151,0
299,2016.10.26,1.06897,3.8206711711289767,0
300,2016.10.27,1.0651899999999999,4.547642190493262,0
301,2016.10.28,1.0601,4.491435901305365,0
302,2016.10.31,1.06315,3.9590117015586386,0
303,2016.11.01,1.06469,3.8703144630501423,0
304,2016.11.02,1.04988,3.6380815177226764,0
305,2016.11.03,1.0464200000000001,4.005858109820803,0
306,2016.11.04,1.0455,4.505235355155176,0
307,2016.11.07,1.05132,4.20542726802427,0
308,2016.11.08,1.05005,4.054701368473467,0
309,2016.11.09,1.04793,5.522535908865789,0
310,2016.11.10,1.05487,5.871447411173327,0
311,2016.11.11,1.05869,5.964610234337634,0
312,2016.11.14,1.06061,5.378000989232587,0
313,2016.11.15,1.06372,5.50545212132757,0
314,2016.11.16,1.05693,5.71889343753877,0
315,2016.11.17,1.05375,5.023367808355541,0
316,2016.11.18,1.0446,4.644419046179728,0
317,2016.11.21,1.04154,4.454983452918604,0
318,2016.11.22,1.04738,4.149588237506117,0
319,2016.11.23,1.05356,4.81867294901272,0
320,2016.11.24,1.05685,5.134994068801908,0
321,2016.11.25,1.0548600000000001,6.055906567107035,0
322,2016.11.28,1.05721,6.367494287305352,0
323,2016.11.29,1.04928,5.774408524126877,0
324,2016.11.30,1.04182,5.153954212384678,0
325,2016.12.01,1.04586,4.826607370960874,0
326,2016.12.02,1.04203,5.024363422634277,0
327,2016.12.05,1.04546,4.7909119285667074,0
328,2016.12.06,1.04741,5.582875876791712,0
329,2016.12.07,1.04344,6.33890691290243,0
330,2016.12.08,1.0398399999999999,5.92813569693841,0
331,2016.12.09,1.04296,6.317476464209289,0
332,2016.12.12,1.0418399999999999,5.968664511315594,0
333,2016.12.13,1.0407799999999998,5.771378925158259,0
334,2016.12.14,1.03972,6.1738097063559145,0
335,2016.12.15,1.0445799999999998,6.541390983228208,0
336,2016.12.16,1.0472299999999999,6.222673928050927,0
337,2016.12.19,1.04511,6.336865545573235,0
338,2016.12.20,1.04902,6.445166125405971,0
339,2016.12.21,1.04859,6.553687531258425,0
340,2016.12.22,1.04494,6.057937161347167,0
341,2016.12.23,1.04125,5.789559122637835,0
342,2016.12.27,1.04213,6.0041526729243895,0
343,2016.12.28,1.03637,5.609044632132848,0
344,2016.12.29,1.03593,5.652352206296089,0
345,2016.12.30,1.03758,6.021398357800456,0
346,2017.01.03,1.04294,6.397118847539021,0
347,2017.01.04,1.0447600000000001,6.307274524291602,0
348,2017.01.05,1.0441,6.898115537887054,0
349,2017.01.06,1.0467,6.94351934976302,0
350,2017.01.09,1.04779,6.773453613215379,0
351,2017.01.10,1.0539100000000001,6.224710913379494,0
352,2017.01.11,1.05436,6.039664611968292,0
353,2017.01.12,1.05342,6.106694761038218,0
354,2017.01.13,1.0502200000000002,5.843126015095071,0
355,2017.01.16,1.0516,5.733019020987036,0
356,2017.01.17,1.0478,5.119032934501043,0
357,2017.01.18,1.05306,5.074168215789683,0
358,2017.01.19,1.05088,5.167929221013464,0
359,2017.01.20,1.05205,5.488373864523615,0
360,2017.01.23,1.04796,5.349942944085201,0
361,2017.01.24,1.04521,5.732009925558312,0
362,2017.01.25,1.03653,5.203882020017849,0
363,2017.01.26,1.0393299999999999,5.42212241169306,0
364,2017.01.27,1.03716,5.3048809467230775,0
365,2017.01.30,1.03631,5.715867017825114,0
366,2017.01.31,1.03655,5.994010772954726,0
367,2017.02.01,1.04141,6.881614618004314,0
368,2017.02.02,1.05,6.593670922613628,0
369,2017.02.03,1.04831,6.816691735122833,0
370,2017.02.06,1.04572,6.904304696471134,0
371,2017.02.07,1.04409,6.879552361198203,0
372,2017.02.08,1.05213,6.380772222275581,0
373,2017.02.09,1.06034,5.510476190476193,0
374,2017.02.10,1.06396,5.680571586648987,0
375,2017.02.13,1.06426,5.942317255096975,0
376,2017.02.14,1.06864,6.1077110210805685,0
377,2017.02.15,1.06694,5.296873960442157,0
378,2017.02.16,1.06602,4.4815813795575,0
379,2017.02.17,1.06528,4.126094965976169,0
380,2017.02.20,1.06834,4.096743277018781,0
381,2017.02.21,1.07138,3.670085342117086,0
382,2017.02.22,1.07081,3.835267212776732,0
383,2017.02.23,1.06653,3.9248794581715254,0
384,2017.02.24,1.06346,3.9970711925503215,0
385,2017.02.27,1.0664200000000001,3.6991968848868337,0
386,2017.02.28,1.0639399999999999,3.404954357930899,0
387,2017.03.01,1.07366,3.4599975719315306,0
388,2017.03.02,1.07174,3.875184007951027,0
389,2017.03.03,1.0764200000000002,4.175051247813739,0
390,2017.03.06,1.08335,3.885898614054492,0
391,2017.03.07,1.0903399999999999,4.128052333778238,0
392,2017.03.08,1.08841,3.185365944526201,0
393,2017.03.09,1.0872899999999999,3.3702203892735323,0
394,2017.03.10,1.08768,2.9207929990152457,0
395,2017.03.13,1.09317,2.262426731896435,0
396,2017.03.14,1.09212,1.6068382339453937,0
397,2017.03.15,1.09382,1.7870104096801724,0
398,2017.03.16,1.0986200000000002,1.8918595774816471,0
399,2017.03.17,1.0972600000000001,1.8553250956163658,0
400,2017.03.20,1.0955700000000002,1.343798311333104,0
401,2017.03.21,1.09176,1.4412335640772156,0
402,2017.03.22,1.08946,1.283574994057528,0
403,2017.03.23,1.08486,0.8410551419052914,0
404,2017.03.24,1.08408,0.9660426881504786,0
405,2017.03.27,1.08101,1.121790483492603,0
406,2017.03.28,1.0879,1.4746830805305196,0
407,2017.03.29,1.08999,1.6889101022524893,0
408,2017.03.30,1.09207,2.120089228103178,0
409,2017.03.31,1.0870600000000001,2.1935650505497875,0
410,2017.04.03,1.0838,2.483788309081326,0
411,2017.04.04,1.08418,1.834727456567697,0
412,2017.04.05,1.08627,1.6394645822438787,0
413,2017.04.06,1.08207,1.4458780114827776,0
414,2017.04.07,1.0794,1.9134178426213757,0
415,2017.04.10,1.07725,2.2199667835393955,0
416,2017.04.11,1.07701,2.1841391650833026,0
417,2017.04.12,1.0790899999999999,1.9875353273127303,0
418,2017.04.13,1.08111,2.3833947896161964,0
419,2017.04.14,1.0796,2.636649990735608,0
420,2017.04.17,1.08156,2.8414945462984473,0
421,2017.04.18,1.07321,2.864411658201878,0
422,2017.04.19,1.06997,2.6661353547897013,0
423,2017.04.20,1.07297,2.4743088122392773,0
424,2017.04.21,1.071,2.617636161541328,0
425,2017.04.24,1.0784,2.4316727689633484,0
426,2017.04.25,1.08289,3.228631861425077,0
427,2017.04.26,1.08408,3.5412207818910786,0
428,2017.04.27,1.0849799999999998,3.2517218561562844,0
429,2017.04.28,1.08854,3.441643323996276,0
430,2017.05.01,1.08822,2.7318249258160274,0
431,2017.05.02,1.08625,2.305866708529967,0
432,2017.05.03,1.07876,2.1935650505497875,0
433,2017.05.04,1.07808,2.1087946321591398,0
434,2017.05.05,1.0699,1.7748543921215574,0
435,2017.05.08,1.06893,1.8047821212622543,0
436,2017.05.09,1.06459,1.9894131185270545,0
437,2017.05.10,1.05948,2.69754162186215,0
438,2017.05.11,1.0767200000000001,2.7623181953101943,0
439,2017.05.12,1.07455,3.5479951397326848,0
440,2017.05.15,1.0769799999999998,3.641959716726084,0
441,2017.05.16,1.0784799999999999,4.064475525789284,0
442,2017.05.17,1.07031,4.566391059765176,0
443,2017.05.18,1.07482,2.8921167991678374,0
444,2017.05.19,1.0744799999999999,3.099902284677323,0
445,2017.05.22,1.0683200000000002,2.8672770153577822,0
446,2017.05.23,1.06578,2.724204435872727,0
447,2017.05.24,1.06382,3.5083293625211356,0
448,2017.05.25,1.0611899999999999,3.074003088889298,0
449,2017.05.26,1.0519399999999999,3.1066190157099425,0
450,2017.05.29,1.05352,3.7011382357346023,0
451,2017.05.30,1.05039,3.9482820094203417,0
452,2017.05.31,1.04824,4.139798086142401,0
453,2017.06.01,1.0442799999999999,4.397892931520294,0
454,2017.06.02,1.04019,5.315892541399719,0
455,2017.06.05,1.04839,5.15794669299112,0
456,2017.06.06,1.04431,5.471301135768632,0
457,2017.06.07,1.04884,5.687628787300619,0
458,2017.06.08,1.04464,6.0884054085111465,0
459,2017.06.09,1.0424200000000001,6.505542256703115,0
460,2017.06.12,1.04705,5.6725073684411464,0
461,2017.06.13,1.04354,6.0853577960567256,0
462,2017.06.14,1.04312,5.627169062964806,0
463,2017.06.15,1.0509899999999999,6.051845611885439,0
464,2017.06.16,1.04854,6.277699967383582,0
465,2017.06.19,1.05045,5.807745570889645,0
466,2017.06.20,1.0464,6.163635318243686,0
467,2017.06.21,1.04326,6.206380857427718,0
468,2017.06.22,1.03767,5.411088592660273,0
469,2017.06.23,1.03751,5.657390276002826,0
470,2017.06.26,1.04037,5.4652767861392695,0
471,2017.06.27,1.0426799999999998,5.873470948012239,0
472,2017.06.28,1.0451700000000002,6.192128520215477,0
473,2017.06.29,1.05221,6.764192855146624,0
474,2017.06.30,1.0466799999999998,6.7806575358309935,0
475,2017.07.03,1.04949,6.487115160952358,0
476,2017.07.04,1.04226,6.251198833774528,0
477,2017.07.05,1.04275,5.998067300056441,0
478,2017.07.06,1.04208,5.288868191710778,0
479,2017.07.07,1.04241,5.845148469446272,0
480,2017.07.10,1.04514,5.5617490400099125,0
481,2017.07.11,1.05669,6.294014929096396,0
482,2017.07.12,1.05713,6.24406617118197,0
483,2017.07.13,1.0553700000000001,6.312375249501015,0
484,2017.07.14,1.06389,6.27871950576069,0
485,2017.07.17,1.0650600000000001,6.0011098991522775,0
486,2017.07.18,1.07681,4.842479819057639,0
487,2017.07.19,1.08059,4.798842148080195,0
488,2017.07.20,1.0751600000000001,4.9736111505917275,0
489,2017.07.21,1.06081,4.132946075252146,0
490,2017.07.24,1.06494,4.018552945373964,0
491,2017.07.25,1.06972,2.883517055005063,0
492,2017.07.26,1.0641399999999999,2.523621355000521,0
493,2017.07.27,1.06356,3.0414077904683907,0
494,2017.07.28,1.0611899999999999,4.4352900142344085,0
495,2017.07.31,1.06465,4.0302740060472955,0
496,2017.08.01,1.0667,3.565418988146437,0
497,2017.08.02,1.07206,4.108481966658542,0
498,2017.08.03,1.06875,4.165256308999963,0
499,2017.08.04,1.06758,4.397892931520294,0
500,2017.08.07,1.07437,4.058610811064666,0
501,2017.08.08,1.07941,3.858629417830701,0
502,2017.08.09,1.07332,3.3393653340298166,0
503,2017.08.10,1.0820299999999998,3.65941520467836,0
504,2017.08.11,1.0767200000000001,3.773019352179705,0
505,2017.08.14,1.0771,3.117175647123432,0
506,2017.08.15,1.08015,2.635699131933194,0
507,2017.08.16,1.08346,3.2180523981664386,0
508,2017.08.17,1.08246,2.3871796530595497,0
509,2017.08.18,1.08198,2.8921167991678374,0
510,2017.08.21,1.08359,2.8558165444248558,0
511,2017.08.22,1.08663,2.565384437346676,0
512,2017.08.23,1.0936299999999999,2.25204437634984,0
513,2017.08.24,1.09596,2.3465070302828828,0
514,2017.08.25,1.0941100000000001,2.391911125898827,0
515,2017.08.28,1.09722,2.239777037440361,0
516,2017.08.29,1.09578,1.9537469055704408,0
517,2017.08.30,1.09687,1.3011713285114883,0
518,2017.08.31,1.10669,1.0858060513157435,0
519,2017.09.01,1.11227,1.2567292136987989,0
520,2017.09.04,1.10859,0.9697234829842676,0
521,2017.09.05,1.10466,1.102411067915101,0
522,2017.09.06,1.11064,1.001941889193802,0
523,2017.09.07,1.11188,0.10572066251616219,0
524,2017.09.08,1.10837,-0.3964864646174062,479
525,2017.09.11,1.10651,-0.06584941231653699,479
526,2017.09.12,1.0998,0.28968189307117953,0
527,2017.09.13,1.1025,-0.2503061297990352,480
528,2017.09.14,1.10732,-0.36154980753317917,480
529,2017.09.15,1.0952899999999999,-0.046013515342350514,480
530,2017.09.18,1.09435,0.12200522363105279,0
531,2017.09.19,1.09375,0.7328605200945586,0
532,2017.09.20,1.09132,0.48616780045351754,0
533,2017.09.21,1.08528,0.0487663909258376,0
534,2017.09.22,1.0828200000000001,1.1476412639575084,0
535,2017.09.25,1.09215,1.2345227760771356,0
536,2017.09.26,1.09384,1.290057142857149,0
537,2017.09.27,1.08945,1.515595792251585,0
538,2017.09.28,1.08502,2.0805690697331602,0
539,2017.09.29,1.08446,2.312480375316299,0
540,2017.10.02,1.08689,1.4384470997573697,0
541,2017.10.03,1.09369,1.2817231039274615,0
542,2017.10.04,1.09636,1.6898434990132671,0
543,2017.10.05,1.09439,2.1050303220217113,0
544,2017.10.06,1.09457,2.157755933828826,0
545,2017.10.07,1.09457,1.9293580767143093,0
546,2017.10.09,1.09676,1.2956139308213492,0
547,2017.10.10,1.09932,1.0489255354080838,0
548,2017.10.11,1.09874,1.2308226500607728,0
549,2017.10.12,1.09606,1.2141754296207665,0
550,2017.10.13,1.09695,1.2141754296207665,0
551,2017.10.16,1.09412,1.0120719209307514,0
552,2017.10.17,1.09338,0.7768438671178539,0
553,2017.10.18,1.0962100000000001,0.8300416841108922,0
554,2017.10.19,1.11991,1.0765833987190512,0
555,2017.10.20,1.12042,0.9945758694562172,0
556,2017.10.21,1.12042,1.255803750959683,0
557,2017.10.23,1.1198,1.3243337174632834,0
558,2017.10.24,1.12479,1.0627525747803739,0
559,2017.10.25,1.11805,-1.0759793197667575,509
560,2017.10.26,1.11869,-1.1210081933560543,509
561,2017.10.27,1.11453,-1.1210081933560543,509
562,2017.10.30,1.11763,-1.0662618324700697,509
563,2017.10.31,1.1175899999999999,-1.5051698539282792,509
564,2017.11.01,1.11432,-0.9114082554447406,509
565,2017.11.02,1.11541,-0.9680966130026992,509
566,2017.11.03,1.1064100000000001,-0.598458543062991,509
567,2017.11.06,1.10666,-0.87417123735045,509
568,2017.11.07,1.10714,-0.8706233949838309,509
569,2017.11.08,1.10122,-0.5797257520281347,509
570,2017.11.09,1.10481,-0.6768811468428602,509
571,2017.11.10,1.1033,0.13105449155375956,0
572,2017.11.13,1.1039,0.10843438815897294,0
573,2017.11.14,1.10941,0.0650324258901362,0
574,2017.11.15,1.10279,0.6029676177330577,0
575,2017.11.16,1.10724,0.2760655678351931,0
576,2017.11.17,1.10784,0.4133055379316704,0
577,2017.11.20,1.1084100000000001,0.35872814566536493,0
578,2017.11.21,1.10891,-0.13971390198393202,516
579,2017.11.22,1.10582,0.4597430154426618,0
580,2017.11.23,1.10594,0.055995086882705186,0
581,2017.11.24,1.10515,0.0018053148469211282,0
582,2017.11.27,1.0994,-0.0496206277460552,519
583,2017.11.28,1.1006,-0.09468757608823036,519
584,2017.11.29,1.09955,0.184478486552969,0
585,2017.11.30,1.107,0.17360797149937102,0
586,2017.12.01,1.10264,0.24521558159525764,0
587,2017.12.04,1.1074,0.7695106421684678,0
588,2017.12.05,1.10607,0.6596401962565913,0
589,2017.12.06,1.09818,0.7557637215224445,0
590,2017.12.07,1.09884,0.07768744354110957,0
591,2017.12.08,1.0974899999999999,0.47340927229195406,0
592,2017.12.11,1.08866,0.0415387393895726,0
593,2017.12.12,1.08934,0.16183424195574947,0
594,2017.12.13,1.08684,0.8814584130106298,0
595,2017.12.14,1.09743,0.8208656401295937,0
596,2017.12.15,1.0926200000000001,0.9448833246772376,0
597,2017.12.18,1.09548,1.763636029614398,0
598,2017.12.19,1.09874,1.7001119944186474,0
599,2017.12.20,1.09253,1.934047329873766,0
600,2017.12.21,1.09697,0.9504023035637956,0
601,2017.12.22,1.0973899999999999,1.394812469110937,0
602,2017.12.26,1.09704,1.1300982217840634,0
603,2017.12.27,1.09979,0.8300416841108922,0
604,2017.12.28,1.0997,1.4031651304769723,0
605,2017.12.29,1.10007,0.9927345323937816,0
606,2018.01.02,1.10174,0.9540819581006025,0
607,2018.01.03,1.10426,0.9862903813899266,0
608,2018.01.04,1.0986799999999999,0.7337764482310278,0
609,2018.01.05,1.09594,0.7420205510593951,0
610,2018.01.08,1.09235,0.7081367549337736,0
611,2018.01.09,1.09192,0.5554849601539498,0
612,2018.01.10,1.08897,0.3260101787622523,0
613,2018.01.11,1.08595,0.8355481122802079,0
614,2018.01.12,1.09059,1.087650783802047,0
615,2018.01.15,1.09036,1.4198745823225283,0
616,2018.01.16,1.09457,1.4598139057806492,0
617,2018.01.17,1.09502,1.734666703398631,0
618,2018.01.18,1.0947799999999999,2.0175882867535426,0
619,2018.01.19,1.0973899999999999,1.5835465206906465,0
620,2018.01.22,1.0935700000000002,1.6049745038336025,0
621,2018.01.23,1.08731,1.2141754296207665,0
622,2018.01.24,1.0978299999999999,1.1725813227155633,0
623,2018.01.25,1.09474,1.1947605911690207,0
624,2018.01.26,1.10104,0.9540819581006025,0
625,2018.01.29,1.10473,1.306729336027864,0
626,2018.01.30,1.1019,1.8899853767554855,0
627,2018.01.31,1.0933899999999999,0.9136205059071265,0
628,2018.02.01,1.08591,1.198458081370921,0
629,2018.02.02,1.0840100000000001,0.6194143718666032,0
630,2018.02.05,1.08356,0.28332714780987905,0
631,2018.02.06,1.07597,0.5408839277611367,0
632,2018.02.07,1.08027,1.3234070185386921,0
633,2018.02.08,1.07746,2.021346152075231,0
634,2018.02.09,1.0761399999999999,2.200164205127252,0
635,2018.02.12,1.08164,2.2426077005426546,0
636,2018.02.13,1.07994,2.963837281708595,0
637,2018.02.14,1.0752,2.553991131846668,0
638,2018.02.15,1.07168,2.8214504482765004,0
639,2018.02.16,1.06931,2.947571877265058,0
640,2018.02.19,1.07267,2.4240967419844064,0
641,2018.02.20,1.07243,2.585328814563788,0
642,2018.02.21,1.06587,3.037574404761917,0
643,2018.02.22,1.06788,3.3760077635115056,0
644,2018.02.23,1.0738299999999998,3.6051285408347518,0
645,2018.02.26,1.07477,3.280598879431704,0
646,2018.02.27,1.0760100000000001,3.3037121303954633,0
647,2018.02.28,1.0756700000000001,3.939504817660687,0
648,2018.03.01,1.0690600000000001,3.7438663520245843,0
649,2018.03.02,1.07105,3.169030479684888,0
650,2018.03.05,1.0742200000000002,3.0787982545102732,0
651,2018.03.06,1.073,2.960009665337676,0
652,2018.03.07,1.07267,2.992553478297242,0
653,2018.03.08,1.07103,3.629356631059056,0
654,2018.03.09,1.07605,3.4368143410671776,0
655,2018.03.12,1.07851,3.131574537804164,0
656,2018.03.13,1.07237,3.2488350419385013,0
657,2018.03.14,1.07388,3.280598879431704,0
658,2018.03.15,1.07104,3.43874588013409,0
659,2018.03.16,1.06775,2.956182333534698,0
660,2018.03.19,1.06512,2.7213470436064555,0
661,2018.03.20,1.06915,3.309492059643595,0
662,2018.03.21,1.07323,3.164226915484051,0
663,2018.03.22,1.06639,3.4377801015835145,0
664,2018.03.23,1.0626799999999998,3.7564973074221584,0
665,2018.03.26,1.06108,4.012693405437885,0
666,2018.03.27,1.05597,3.6206332133002874,0
667,2018.03.28,1.06168,3.2267081613447406,0
668,2018.03.29,1.0607,3.888821162989162,0
669,2018.03.30,1.06064,4.2515150374525,0
670,2018.04.02,1.06118,4.408715648207491,0
671,2018.04.03,1.05833,4.913965358864361,0
672,2018.04.04,1.05588,4.349709893753307,0
673,2018.04.05,1.05551,4.446120486471207,0
674,2018.04.06,1.05435,4.4520289636445955,0
675,2018.04.09,1.05273,4.39887672213951,0
676,2018.04.10,1.05356,4.680014740203913,0
677,2018.04.11,1.05319,4.922907906201476,0
678,2018.04.12,1.05029,4.959687733891685,0
679,2018.04.13,1.0547799999999998,5.075164793474669,0
680,2018.04.16,1.05579,5.2368603535569545,0
681,2018.04.17,1.0570700000000002,5.153954212384678,0
682,2018.04.18,1.06224,5.190896229550223,0
683,2018.04.19,1.0621399999999999,5.48134324805531,0
684,2018.04.20,1.0629600000000001,5.032329016477393,0
685,2018.04.23,1.06328,4.931851978139598,0
686,2018.04.24,1.0669899999999999,4.804790600433262,0
687,2018.04.25,1.06982,4.294697996686247,0
688,2018.04.26,1.0689,4.304517295271829,0
689,2018.04.27,1.06907,4.224053586212081,0
690,2018.04.30,1.06966,4.192686780528183,0
691,2018.05.01,1.0683799999999999,3.830401409572741,0
692,2018.05.02,1.07049,3.5557383485072327,0
693,2018.05.03,1.06907,3.6448685564599224,0
694,2018.05.04,1.0731700000000002,3.6283872898874816,0
695,2018.05.07,1.07082,3.5712282407493983,0
696,2018.05.08,1.0683200000000002,3.695314401243021,0
697,2018.05.09,1.0667200000000001,3.4909247167185242,0
698,2018.05.10,1.08135,3.6283872898874816,0
699,2018.05.11,1.0819,3.232479476690541,0
700,2018.05.14,1.08774,3.4590313964998747,0
701,2018.05.15,1.08816,3.7011382357346023,0
702,2018.05.16,1.08905,3.8566821658917005,0
703,2018.05.17,1.09124,2.4515651731631785,0
704,2018.05.18,1.08454,2.3994823920879917,0
705,2018.05.21,1.09065,1.8497067313880282,0
706,2018.05.22,1.09189,1.8103955300691124,0
707,2018.05.23,1.09247,1.7271934254625583,0
708,2018.05.24,1.09256,1.5230380118030937,0
709,2018.05.25,1.09041,2.150220369926421,0
710,2018.05.28,1.0860100000000001,1.5779580983817147,0
711,2018.05.29,1.08645,1.46260154411159,0
712,2018.05.30,1.0836299999999999,1.4087343359543065,0
713,2018.05.31,1.0802100000000001,1.4003807571208988,0
714,2018.06.01,1.08283,1.6003154776643616,0
715,2018.06.04,1.08693,2.011952007808392,0
716,2018.06.05,1.08366,1.9706383174559485,0
717,2018.06.06,1.0896299999999999,2.2360030637764,0
718,2018.06.07,1.08379,2.5596874681774793,0
719,2018.06.08,1.0799299999999998,2.3115355134231694,0
720,2018.06.11,1.08245,1.92560698481044,0
721,2018.06.12,1.08018,2.233172766365834,0
722,2018.06.13,1.0784799999999999,1.673044978570725,0
723,2018.06.14,1.07073,2.220909954880561,0
724,2018.06.15,1.07123,2.586278740288744,0
725,2018.06.18,1.0689899999999999,2.347452538223489,0
726,2018.06.19,1.0684200000000001,2.562535873650702,0
727,2018.06.20,1.07295,2.724204435872727,0
728,2018.06.21,1.07375,3.467727625078228,0
729,2018.06.22,1.07552,3.419433735052245,0
730,2018.06.25,1.07444,3.6361425270582686,0
731,2018.06.26,1.0778,3.6914322083075866,0
732,2018.06.27,1.07922,3.253646488652779,0
733,2018.06.28,1.08768,3.1767171129220104,0
734,2018.06.29,1.09239,3.0069175840523688,0
735,2018.07.02,1.09219,3.1104575406723503,0
736,2018.07.03,1.0925799999999999,2.7890146594915546,0
737,2018.07.04,1.091,2.6537684624080353,0
738,2018.07.05,1.0875700000000001,1.8553250956163658,0
739,2018.07.06,1.08548,1.41616089491849,0
740,2018.07.09,1.09102,1.4347320521154812,0
741,2018.07.10,1.09029,1.3985245931648194,0
742,2018.07.11,1.08885,1.5453712190650868,0
743,2018.07.12,1.0922399999999999,1.8656270400985608,0
744,2018.07.13,1.0962,2.0617606957290846,0
745,2018.07.16,1.0942399999999999,1.5435097431761071,0
746,2018.07.17,1.0884200000000002,1.611497858367965,0
747,2018.07.18,1.0883,1.7458786793405858,0
748,2018.07.19,1.09075,1.430088625210594,0
749,2018.07.20,1.08789,1.0636745119503743,0
750,2018.07.23,1.0876299999999999,1.244699517473332,0
751,2018.07.24,1.09022,1.7860752283125905,0
752,2018.07.25,1.09005,1.7972985390057907,0
753,2018.07.26,1.08653,1.568645427458167,0
754,2018.07.27,1.0887799999999999,1.8356635321585861,0
755,2018.07.30,1.08455,1.8600075393286497,0
756,2018.07.31,1.08847,1.6180220505953018,0
757,2018.08.01,1.08974,1.6338700059630389,0
758,2018.08.02,1.09094,1.9631303323424176,0
759,2018.08.03,1.09602,1.7524201399732005,0
760,2018.08.06,1.09665,2.1492785026047825,0
761,2018.08.07,1.10087,1.7813995792258877,0
762,2018.08.08,1.10047,1.662781947987606,0
763,2018.08.09,1.11442,1.5509560562450773,0
764,2018.08.10,1.10879,1.0802722578055213,0
765,2018.08.13,1.1044399999999999,1.022203984863007,0
766,2018.08.14,1.10057,0.6349523558640032,0
767,2018.08.15,1.10162,0.6715312548274834,0
768,2018.08.16,1.1017,-0.5886470092065738,703
769,2018.08.17,1.1013700000000002,-0.0838752153248023,703
770,2018.08.20,1.10368,0.30965919379959084,0
771,2018.08.21,1.09903,0.6623840373624593,0
772,2018.08.22,1.09646,0.5664385178192138,0
773,2018.08.23,1.0911899999999999,0.5591358809113339,0
774,2018.08.24,1.0950600000000001,0.5892660958624153,0
775,2018.08.27,1.09588,0.37873296607713036,0
776,2018.08.28,1.0932,0.8034357569857162,0
777,2018.08.29,1.0878700000000001,1.0397096109297264,0
778,2018.08.30,1.0903399999999999,1.5276899531704091,0
779,2018.08.31,1.08524,1.1688857231567147,0
780,2018.09.03,1.09237,1.0931853852611693,0
781,2018.09.04,1.09394,1.341017197219184,0
782,2018.09.05,1.0911,1.8375357349683281,0
783,2018.09.06,1.09134,1.6068382339453937,0
784,2018.09.07,1.08646,2.084331576425499,0
785,2018.09.10,1.08959,1.4180177046238913,0
786,2018.09.11,1.09061,1.2724646689946575,0
787,2018.09.12,1.09255,1.536064522041986,0
788,2018.09.13,1.0933899999999999,1.513735407847242,0
789,2018.09.14,1.09154,1.9696997588498504,0
790,2018.09.17,1.0900100000000001,1.6767775034646066,0
791,2018.09.18,1.0953,1.581683644932651,0
792,2018.09.19,1.09732,1.401308864582871,0
793,2018.09.20,1.08976,1.3234070185386921,0
794,2018.09.21,1.09028,1.4951353134104213,0
795,2018.09.24,1.091,1.6375996550490288,0
796,2018.09.25,1.09005,1.146717794211643,0
797,2018.09.26,1.08955,0.9605219990522357,0
798,2018.09.27,1.0891600000000001,1.6609161650271622,0
799,2018.09.28,1.0902,1.6124298345379307,0
800,2018.10.01,1.0911600000000001,1.5453712190650868,0
801,2018.10.02,1.0896700000000001,1.6338700059630389,0
802,2018.10.03,1.0900299999999998,1.680510302418434,0
803,2018.10.04,1.09218,1.7169194608689204,0
804,2018.10.05,1.09427,1.6198862594019454,0
805,2018.10.08,1.0962,1.5304813226291227,0
806,2018.10.09,1.09687,1.6693127277065467,0
807,2018.10.10,1.09317,1.635734796290032,0
808,2018.10.11,1.09117,1.4356607885147266,0
809,2018.10.12,1.09257,1.2419238396373828,0
810,2018.10.15,1.0879299999999998,1.0636745119503743,0
811,2018.10.16,1.08375,1.001941889193802,0
812,2018.10.17,1.08475,1.343798311333104,0
813,2018.10.18,1.08461,1.5295508490886016,0
814,2018.10.19,1.07988,1.3994526666483635,0
815,2018.10.22,1.08009,1.8319193330453458,0
816,2018.10.23,1.08074,2.2246828143021986,0
817,2018.10.24,1.08191,2.130444802949985,0
818,2018.10.25,1.0850899999999999,2.1436276633997466,0
819,2018.10.26,1.08679,2.591028632811064,0
820,2018.10.29,1.08185,2.5710820394596814,0
821,2018.10.30,1.0840299999999998,2.5093917130854813,0
822,2018.10.31,1.08501,2.398535922581374,0
823,2018.11.01,1.08264,2.098443447087355,0
824,2018.11.02,1.08207,1.9387370145106366,0
825,2018.11.05,1.08156,2.404215002079779,0
826,2018.11.06,1.0748,2.1982786454249648,0
827,2018.11.07,1.07194,2.105971373535731,0
828,2018.11.08,1.0739299999999998,2.3294908741594638,0
829,2018.11.09,1.07194,2.3833947896161964,0
830,2018.11.12,1.06883,2.4316727689633484,0
831,2018.11.13,1.06666,3.075921101600306,0
832,2018.11.14,1.06372,3.350933820922829,0
833,2018.11.15,1.06512,3.1594237985716243,0
834,2018.11.16,1.0655,3.350933820922829,0
835,2018.11.19,1.06616,3.6516564841930075,0
836,2018.11.20,1.06178,3.8625241407758923,0
837,2018.11.21,1.06255,4.149588237506117,0
838,2018.11.22,1.06413,4.012693405437885,0
839,2018.11.23,1.06613,3.975598310652293,0
840,2018.11.26,1.06606,3.9112328355969153,0
841,2018.11.27,1.06341,4.3398820848010065,0
842,2018.11.28,1.0626,4.264269916709798,0
843,2018.11.29,1.0665200000000001,4.109460310300437,0
844,2018.11.30,1.06351,3.9141568101451085,0
845,2018.12.03,1.06172,3.920980057407656,0
846,2018.12.04,1.05854,4.179949408036421,0
847,2018.12.05,1.05334,4.259363824581223,0
848,2018.12.06,1.05148,3.8761579717211045,0
849,2018.12.07,1.0495299999999999,4.170153548156587,0
850,2018.12.10,1.04605,4.345778548016433,0
851,2018.12.11,1.04742,4.659247642979956,0
852,2018.12.12,1.05224,5.175916608122746,0
853,2018.12.13,1.0536,5.361965990793937,0
854,2018.12.14,1.05519,5.5577258391851805,0
855,2018.12.17,1.05461,5.908895368290248,0
856,2018.12.18,1.04834,5.770369097401238,0
857,2018.12.19,1.05008,5.285866342279328,0
858,2018.12.20,1.04915,5.149962034927864,0
859,2018.12.21,1.04792,4.991518115220955,0
860,2018.12.24,1.04708,5.049259915987903,0
861,2018.12.26,1.04949,5.677547360589124,0
862,2018.12.27,1.0490899999999999,5.502437909492626,0
863,2018.12.28,1.04948,5.595958633179244,0
864,2018.12.31,1.04922,5.719902282617004,0
865,2019.01.02,1.0493299999999999,5.804714061962797,0
866,2019.01.03,1.0463200000000001,5.5617490400099125,0
867,2019.01.04,1.0559399999999999,5.601997922008619,0
868,2019.01.07,1.0579100000000001,5.562754888135086,0
869,2019.01.08,1.06159,5.588913669201886,0
870,2019.01.09,1.05575,5.577844910561996,0
871,2019.01.10,1.05935,5.881565868950218,0
872,2019.01.11,1.0554,4.916946038600697,0
873,2019.01.14,1.05435,4.721573668837607,0
874,2019.01.15,1.0560200000000002,4.358556504865346,0
875,2019.01.16,1.0573700000000001,4.935827610703301,0
876,2019.01.17,1.06315,4.57922310850994,0
877,2019.01.18,1.06241,4.970627250331645,0
878,2019.01.21,1.0632700000000002,5.075164793474669,0
879,2019.01.22,1.0542200000000002,4.9089979356451465,0
880,2019.01.23,1.05159,4.7750550895145425,0
881,2019.01.24,1.04831,4.20542726802427,0
882,2019.01.25,1.04956,4.278009431387128,0
883,2019.01.28,1.04851,4.193666707421436,0
884,2019.01.29,1.0465799999999998,5.088122023865977,0
885,2019.01.30,1.05055,5.350944759839865,0
886,2019.01.31,1.05094,5.680571586648987,0
887,2019.02.01,1.05103,5.55470863981097,0
888,2019.02.04,1.0492,5.660413348465919,0
889,2019.02.05,1.0490000000000002,5.855261900666956,0
890,2019.02.06,1.0480200000000002,5.455237732616245,0
891,2019.02.07,1.05192,5.416103678611536,0
892,2019.02.08,1.05063,5.4070768674538465,0
893,2019.02.11,1.04845,5.590926420129638,0
894,2019.02.12,1.05298,5.611058150619629,0
895,2019.02.13,1.0425799999999998,5.709814698192772,0
896,2019.02.14,1.03869,5.317894896950348,0
897,2019.02.15,1.03986,5.447207865756747,0
898,2019.02.18,1.0408600000000001,5.666460012399252,0
899,2019.02.19,1.04034,5.211874869418226,0
900,2019.02.20,1.0444,6.261390013236418,0
901,2019.02.21,1.04176,6.659349757868102,0
902,2019.02.22,1.0408899999999999,6.5393418344777245,0
903,2019.02.25,1.04081,6.4369848010299116,0
904,2019.02.26,1.0421799999999999,6.490185900763214,0
905,2019.02.27,1.04216,6.076216009191887,0
906,2019.02.28,1.04169,6.345031485178933,0
907,2019.03.01,1.0409,6.433917128611112,0
908,2019.03.04,1.03906,6.442097981379892,0
909,2019.03.05,1.0416299999999998,6.302174288510639,0
910,2019.03.06,1.03843,6.304214324096118,0
911,2019.03.07,1.03824,6.352177711219274,0
912,2019.03.08,1.03512,6.432894610433292,0
913,2019.03.11,1.0344,6.621369314572783,0
914,2019.03.12,1.0318100000000001,6.358303812294216,0
915,2019.03.13,1.03436,6.68605490981579,0
916,2019.03.14,1.03473,6.705578671598091,0
917,2019.03.15,1.03436,7.027204575314943,0
918,2019.03.18,1.0361,7.101701469450897,0
919,2019.03.19,1.0335299999999998,7.370543026332362,0
920,2019.03.20,1.0337399999999999,7.105843226729585,0
921,2019.03.21,1.03367,7.067544190271873,0
922,2019.03.22,1.0291,7.105843226729585,0
923,2019.03.25,1.0291299999999999,6.925972396486831,0
924,2019.03.26,1.03271,7.191857033661359,0
925,2019.03.27,1.04175,7.170081451815756,0
926,2019.03.28,1.0439100000000001,7.177338996004525,0
927,2019.03.29,1.0424799999999999,7.653289281896819,0
928,2019.04.01,1.04443,7.650151098500695,0
929,2019.04.02,1.04596,7.276970301439905,0
930,2019.04.03,1.04877,6.346052315814746,0
931,2019.04.04,1.05275,6.126007031257479,0
932,2019.04.05,1.05503,6.271583147878158,0
933,2019.04.08,1.0567600000000001,6.073169097019436,0
934,2019.04.09,1.05564,5.918008336838891,0
935,2019.04.10,1.0595700000000001,5.634219132889012,0
936,2019.04.11,1.0586200000000001,5.234861078128709,0
937,2019.04.12,1.06007,5.007440546714326,0
938,2019.04.15,1.06019,4.835535031606033,0
939,2019.04.16,1.0603799999999999,4.946762153764556,0
940,2019.04.17,1.0665799999999999,4.557509178251549,0
941,2019.04.18,1.06934,4.6513385350739584,0
942,2019.04.19,1.06961,4.508192855188808,0
943,2019.04.22,1.06746,4.496363859308247,0
944,2019.04.23,1.0664,4.477640091288047,0
945,2019.04.24,1.0635299999999999,3.8703144630501423,0
946,2019.04.25,1.05844,3.6022219312847286,0
947,2019.04.26,1.0565799999999999,3.5760697824440792,0
948,2019.04.29,1.05771,3.7846851404268063,0
949,2019.04.30,1.05551,3.88784696174044,0
950,2019.05.01,1.05883,4.168194597237521,0
951,2019.05.02,1.05734,4.669135709156874,0
952,2019.05.03,1.05624,4.853394915671338,0
953,2019.05.06,1.05713,4.741375235177898,0
954,2019.05.07,1.06184,4.959687733891685,0
955,2019.05.08,1.06223,4.630582813105043,0
956,2019.05.09,1.06019,4.778027881287015,0
957,2019.05.10,1.06064,4.887146860561993,0
958,2019.05.13,1.05698,4.798842148080195,0
959,2019.05.14,1.05584,4.333986287953004,0
960,2019.05.15,1.05519,4.295679843348433,0
961,2019.05.16,1.05392,4.496363859308247,0
962,2019.05.17,1.0531700000000002,4.4520289636445955,0
963,2019.05.20,1.0568899999999999,4.813714545213726,0
964,2019.05.21,1.05769,4.9268828610395685,0
965,2019.05.22,1.05921,4.991518115220955,0
966,2019.05.23,1.05758,5.118035524518,0
967,2019.05.24,1.05666,5.192893834803488,0
968,2019.05.27,1.05683,4.822640009840209,0
969,2019.05.28,1.05772,4.743355803685394,0
970,2019.05.29,1.0621399999999999,4.59304576051964,0
971,2019.05.30,1.06142,4.754250269483169,0
972,2019.05.31,1.0621200000000002,4.845456438210979,0
973,2019.06.03,1.05719,4.828591164141833,0
974,2019.06.04,1.05735,4.740384979011466,0
975,2019.06.05,1.05304,4.304517295271829,0
976,2019.06.06,1.0531,4.37527086356014,0
977,2019.06.07,1.05001,4.306481376868892,0
978,2019.06.08,1.04992,4.7928943709267005,0
979,2019.06.10,1.0528,4.777036931952528,0
980,2019.06.11,1.05726,5.205880118514025,0
981,2019.06.12,1.05368,5.199886050707449,0
982,2019.06.13,1.0529,5.5094713383682015,0
983,2019.06.14,1.0579399999999999,5.518515696434024,0
984,2019.06.17,1.0546200000000001,5.229863221884509,0
985,2019.06.18,1.05277,4.785956150804909,0
986,2019.06.19,1.05209,5.141978589325044,0
987,2019.06.20,1.05094,5.2198689334219885,0
988,2019.06.21,1.05088,4.718604079626462,0
989,2019.06.24,1.05172,5.0482638296258315,0
990,2019.06.25,1.04806,5.2328618786629635,0
991,2019.06.26,1.04514,5.300877301371565,0
992,2019.06.27,1.04539,5.416103678611536,0
993,2019.06.28,1.04462,5.42212241169306,0
994,2019.07.01,1.04288,5.337922641007119,0
995,2019.07.02,1.04775,5.705780203423475,0
996,2019.07.03,1.0485,6.0011098991522775,0
997,2019.07.04,1.04976,5.975760242588892,0
998,2019.07.05,1.05293,6.053876050621274,0
999,2019.07.08,1.0521200000000002,6.230822338140538,0
1000,2019.07.09,1.0482,5.737055595323323,0
1001,2019.07.10,1.04702,5.661421077730099,0
1002,2019.07.11,1.04645,5.534598384392627,0
1003,2019.07.12,1.0484200000000001,5.216871017066675,0
1004,2019.07.15,1.0470899999999999,5.297874767136818,0
1005,2019.07.16,1.0459100000000001,5.691661896584625,0
1006,2019.07.17,1.04105,5.810777253538615,0
1007,2019.07.18,1.0424799999999999,5.868412250943663,0
1008,2019.07.19,1.04083,5.669483603899194,0
1009,2019.07.22,1.04025,5.803703597589531,0
1010,2019.07.23,1.04453,5.923071774818096,0
1011,2019.07.24,1.0402799999999999,6.417559195043469,0
1012,2019.07.25,1.04251,6.271583147878158,0
1013,2019.07.26,1.04112,6.440052650288726,0
1014,2019.07.29,1.04045,6.499399182888746,0
1015,2019.07.30,1.03896,6.063013987152127,0
1016,2019.07.31,1.04305,6.496327911716096,0
1017,2019.08.01,1.0374299999999999,6.268525002158254,0
1018,2019.08.02,1.0397399999999999,6.4104041801137255,0
1019,2019.08.05,1.03431,6.478927387188232,0
1020,2019.08.06,1.0354,6.6316316316316275,0
1021,2019.08.07,1.04841,6.213508460764109,0
1022,2019.08.08,1.0493700000000001,6.788891780650283,0
1023,2019.08.09,1.04904,6.551637909477387,0
1024,2019.08.12,1.04684,7.111020873819261,0
1025,2019.08.13,1.0524,6.998261541433259,0
1026,2019.08.14,1.04814,5.670491506185557,0
1027,2019.08.15,1.0507799999999998,5.573820482765843,0
1028,2019.08.16,1.05409,5.607031190421728,0
1029,2019.08.19,1.0548899999999999,5.8289709984333875,0
1030,2019.08.20,1.05599,5.2698593690612,0
1031,2019.08.21,1.0586200000000001,5.6977121376915285,0
1032,2019.08.22,1.0608,5.4321551609280965,0
1033,2019.08.23,1.05491,5.101082450265166,0
1034,2019.08.26,1.0595299999999999,5.021376636426565,0
1035,2019.08.27,1.0609600000000001,4.911978333128163,0
1036,2019.08.28,1.06247,4.6513385350739584,0
1037,2019.08.29,1.06548,4.436274509803932,0
1038,2019.08.30,1.0669899999999999,5.0193855399986775,0
1039,2019.09.02,1.06409,4.561456494860949,0
1040,2019.09.03,1.0666200000000001,4.420524807721303,0
1041,2019.09.04,1.06835,4.272120624582345,0
1042,2019.09.05,1.06863,3.9775500244021553,0
1043,2019.09.06,1.06569,3.830401409572741,0
1044,2019.09.09,1.06754,4.113373868751712,0
1045,2019.09.10,1.0675299999999999,3.866419155838062,0
1046,2019.09.11,1.06964,3.698226236720191,0
1047,2019.09.12,1.07066,3.6710554635374355,0
1048,2019.09.13,1.07828,3.957060683688506,0
1049,2019.09.16,1.08165,3.776907656855962,0
1050,2019.09.17,1.0793700000000002,3.7778797785542517,0
1051,2019.09.18,1.08057,3.5731648031113408,0
1052,2019.09.19,1.07745,3.4744923691928458,0
1053,2019.09.20,1.08035,2.743257780910354,0
1054,2019.09.23,1.07566,2.4231498174085946,0
1055,2019.09.24,1.07483,2.639502672855453,0
1056,2019.09.25,1.07644,2.5255189390784527,0
1057,2019.09.26,1.07162,2.822404751960652,0
1058,2019.09.27,1.07405,2.546397000971921,0
1059,2019.09.30,1.07707,2.9935109607124932,0
1060,2019.10.01,1.0734299999999999,3.0730441093010166,0
1061,2019.10.02,1.06935,2.9188807550815654,0
1062,2019.10.03,1.06992,3.3817957858196053,0
1063,2019.10.04,1.07128,3.1478981425445856,0
1064,2019.10.07,1.07009,2.8586814227487625,0
1065,2019.10.08,1.06788,3.2074751031739552,0
1066,2019.10.09,1.06835,3.6012530976761625,0
1067,2019.10.10,1.06918,3.5460595184686783,0
1068,2019.10.11,1.0716,3.4146068254798054,0
1069,2019.10.14,1.07536,3.529609659000652,0
1070,2019.10.15,1.0726799999999999,3.7438663520245843,0
1071,2019.10.16,1.074,3.698226236720191,0
1072,2019.10.17,1.0748,3.61772573373988,0
1073,2019.10.18,1.0733,3.3837252706233625,0
1074,2019.10.21,1.0719100000000001,3.0222437137330727,0
1075,2019.10.22,1.06992,3.2796360517582333,0
1076,2019.10.23,1.06673,3.152700186219739,0
1077,2019.10.24,1.06785,3.075921101600306,0
1078,2019.10.25,1.07394,3.2199757756452203,0
1079,2019.10.28,1.07661,3.3538263473612453,0
1080,2019.10.29,1.07956,3.5460595184686783,0
1081,2019.10.30,1.08019,3.855708567303827,0
1082,2019.10.31,1.07477,3.746780914922517,0
1083,2019.11.01,1.07525,3.1584632288582397,0
1084,2019.11.04,1.07489,2.9026295501620827,0
1085,2019.11.05,1.08091,2.6214383637778345,0
1086,2019.11.06,1.08064,2.5615863875799705,0
1087,2019.11.07,1.08284,3.0787982545102732,0
1088,2019.11.08,1.08352,3.032783073703792,0
